Keyword,Frequency
java,71
data,42
button,34
code,27
applet,27
class,26
array,24
basics,23
rights,23
string,22
public,21
object,20
method,19
example,18
objects,17
language,14
return,13
memory,12
basicsÂ©,12
void,11
types,11
basicsjava,11
browser,11
allocate,11
primitive,11
garbage,11
program,10
following,10
applets,10
comments,9
applications,9
null,9
reference,9
make,9
operator,9
file,9
init,8
would,8
system,8
stack,8
programs,8
methods,8
pointers,7
runtime,7
collection,6
args,6
byte,6
arrays,6
sizeof,6
refer,6
called,6
executed,5
main,5
predefined,5
passed,5
instance,5
parameters,5
value,5
used,5
calloc,5
using,5
source,5
equivalent,5
similar,5
makes,4
type,4
write,4
element,4
pointer,4
static,4
definition,4
variables,4
final,4
need,4
width,4
stop,4
import,4
however,4
simple,4
create,4
strings,4
literal,4
else,4
pointernull,4
blah,4
effect,4
animations,4
comment,4
true,4
statements,4
start,4
heap,4
elements,4
graphics,3
consider,3
include,3
portable,3
version,3
contrast,3
therefore,3
operators,3
must,3
defines,3
parameter,3
definitions,3
style,3
platform,3
easily,3
always,3
collector,3
getparameter,3
automatic,3
creates,3
length,3
first,3
paint,3
bits,3
classes,3
false,3
codevoid,3
note,3
destroy,3
compiler,3
assigned,3
inthis,3
drawn,3
threads,3
reside,3
point,3
allocates,3
quit,3
define,3
exception,3
look,3
typename,3
loop,3
appletviewer,3
param,3
extends,3
like,3
boolean,3
library,3
nothing,3
within,3
references,3
defined,3
test,3
buttonsbutton,2
expressions,2
const,2
resources,2
every,2
unlike,2
level,2
leave,2
trivialapplication,2
second,2
initialized,2
section,2
compilation,2
convert,2
delimited,2
addresses,2
unit,2
contains,2
call,2
particular,2
reserved,2
programming,2
instead,2
clone,2
interpreted,2
suspend,2
machine,2
dispose,2
continue,2
*bfoo,2
break,2
instanceof,2
document,2
shows,2
written,2
messages,2
features,2
done,2
sockets,2
part,2
semantics,2
wide,2
declare,2
dynamically,2
added,2
trivialapplet,2
codeint,2
points,2
text,2
labels,2
syntax,2
access,2
buttons,2
employee,2
invoke,2
state,2
contain,2
invoked,2
ieee,2
opening,2
illustrate,2
simply,2
addition,2
optional,2
instantiated,2
handling,2
expr,2
equal,2
hardware,2
thesame,2
containing,2
tothe,2
html,2
dereference,2
robust,2
components,2
prints,2
secure,2
integer,2
checking,2
world,2
either,2
output,2
variablename,2
comparison,2
automatically,2
ints,2
form,2
line,2
default,2
bounds,2
placed,2
expressionsitemexamples,2
arithmetic,2
variable,2
structure,2
calls,2
space,2
hello,2
time,2
push,2
limited,1
forget,1
dynamic,1
alljava,1
leads,1
equalitytwo,1
constants,1
causes,1
nested,1
referring,1
effort,1
environment,1
toconvert,1
objectsbutton,1
case,1
lack,1
advantage,1
buttonsa,1
specific,1
usestringbuffer,1
common,1
atruntime,1
internally,1
immediately,1
deallocates,1
issue,1
allocateduntil,1
list,1
arithmeticjava,1
vector,1
statementsjava,1
freed,1
literaltrue,1
deallocated,1
pretend,1
keywords,1
displays,1
hspace,1
port,1
compile,1
errors,1
relieving,1
bindjava,1
lifecyclemethodsthe,1
javavariables,1
applicationconsider,1
pointeryou,1
body,1
availablefor,1
objectoperatorsthe,1
intsnew,1
equals,1
macapplication,1
operating,1
address,1
standard,1
applettemplate,1
redrawn,1
tostring,1
leaves,1
needsto,1
codedirectly,1
named,1
useful,1
visible,1
crashesduring,1
apply,1
testcommentsjava,1
flavors,1
executionthe,1
takes,1
remains,1
illegal,1
concatenate,1
next,1
leaks,1
andt,1
thedifference,1
objectgeneral,1
inaccessible,1
becomes,1
elementsjava,1
heapwould,1
appletthe,1
structs,1
lowercase,1
thread,1
nonportable,1
modified,1
dlls,1
values,1
making,1
closing,1
executionsequence,1
andformats,1
figure,1
allowed,1
javadoc,1
descriptionjava,1
calledonce,1
something,1
cloneable,1
scrollbars,1
calledequals,1
native,1
descriptionidi,1
intsvector,1
surroundingit,1
buttonobject,1
diagram,1
jumping,1
designed,1
functionthat,1
lifecycle,1
objectprimitive,1
whenever,1
netscapenavigator,1
documentation,1
lines,1
height,1
complexity,1
statementsstatementexamplesifif,1
block,1
allow,1
semanticswe,1
order,1
operations,1
pointed,1
ofyour,1
looks,1
interpreter,1
interesting,1
basicstopics,1
window,1
systems,1
leakage,1
arguments,1
float,1
combination,1
effects,1
linking,1
arrayobject,1
execute,1
parameterscodebase,1
accompanying,1
exceptionsjava,1
longerneeded,1
referred,1
literal'a,1
harm,1
square,1
hard,1
related,1
realobjects,1
thatknow,1
calling,1
declaration,1
ishandled,1
item,1
shallow,1
typespurely,1
content,1
contained,1
bepreceded,1
internet,1
current,1
cause,1
typeelement,1
free,1
completely,1
scoped,1
initialize,1
objectresults,1
created,1
valuesarguments,1
place,1
signature,1
consequence,1
allocatesmemory,1
view,1
think,1
respond,1
major,1
initial,1
number,1
thatspecify,1
another,1
blank,1
owner,1
implementor,1
size,1
priority,1
programinstantiates,1
fromall,1
leading,1
beginwith,1
structurea,1
aplications,1
returns,1
listed,1
statement,1
convention,1
highest,1
serve,1
asnew,1
copy,1
keyword,1
double,1
programmingthe,1
stale,1
pointerb,1
treated,1
files,1
notspecify,1
rewrite,1
argument,1
linked,1
onany,1
efficient,1
typesint,1
potential,1
equivalentcode,1
standardoutput,1
multiple,1
normal,1
plus,1
representation,1
phase,1
integerint,1
observation,1
considered,1
atjava,1
left,1
reserve,1
semanticsportabilityjava,1
bring,1
inflexible,1
objectsin,1
corner,1
trivial,1
find,1
giant,1
removed,1
precedence,1
forfor,1
menu,1
distributed,1
outside,1
attemptingto,1
aseparate,1
local,1
handle,1
means,1
objectsuperthe,1
mainwindow,1
messagesfrom,1
runs,1
javaobject,1
instantiate,1
commentswhere,1
processed,1
including,1
hostplatform,1
conversions,1
ignored,1
mandatory,1
computer,1
functionwould,1
definitionsimport,1
becausethey,1
stats,1
label,1
libraries,1
acollection,1
across,1
available,1
creating,1
interfaces,1
methodsrobustnessthe,1
acompilation,1
come,1
interfacethe,1
commenting,1
defense,1
bfoo,1
efficiency,1
many,1
copysemantics,1
deiconify,1
display,1
context,1
javalanguage,1
character,1
loader,1
forexample,1
orin,1
table,1
allocated,1
much,1
basic,1
constantsvariables,1
thisthe,1
obtained,1
life,1
optionally,1
methodshould,1
demand,1
unnecessarily,1
instantiates,1
executionan,1
publicly,1
problemsbecause,1
align,1
vspace,1
themout,1
behavior,1
applies,1
typesthe,1
suffixdouble,1
javaruntime,1
whenquitting,1
thereby,1
perform,1
things,1
classpath,1
tells,1
amethod,1
virtually,1
several,1
difficult,1
tedious,1
togroup,1
frameremoves,1
allocation,1
uses,1
implements,1
youmust,1
task,1
undefined,1
well,1
integrateyour,1
command,1
drawing,1
latest,1
codebutton,1
tobe,1
stored,1
unicode,1
isrevisited,1
struct,1
also,1
copyjava,1
guaranteed,1
bitmaps,1
valid,1
ifthey,1
it'sstill,1
burden,1
commentary,1
execution,1
sizes,1
follows,1
reduces,1
translates,1
ignore,1
translated,1
returnreturn,1
page,1
sends,1
creation,1
back,1
superclass,1
specified,1
proper,1
happens,1
provided,1
literals,1
statwhilewhile,1
broad,1
avoid,1
subclass,1
lowest,1
orviruses,1
host,1
loadable,1
deallocating,1
anything,1
standalone,1
discussed,1
objectsassignment,1
constructor,1
thereforejava,1
software,1
freeing,1
assignments,1
terence,1
iconifyyour,1
appropriate,1
youoverride,1
often,1
area,1
thedirectories,1
generatedocumentation,1
specifically,1
terminates,1
notices,1
sections,1
archives,1
function,1
complete,1
arraysint,1
concatenated,1
differences,1
suffixhexadecimal,1
link,1
tosubclass,1
ifyou,1
portions,1
places,1
versions,1
onetwo,1
tnew,1
declarations,1
converted,1
arraya,1
otherjava,1
constant,1
deep,1
package,1
char,1
intentionally,1
fill,1
incorrect,1
compared,1
collectionan,1
index,1
paramtest,1
invalid,1
members,1
application,1
details,1
yourbrowser,1
draw,1
jperforms,1
thisstatement,1
symbol,1
codenew,1
systemresources,1
typesprimitive,1
notpresent,1
methodcauses,1
searches,1
injava,1
longer,1
together,1
implied,1
leaked,1
requires,1
